elapsed_s,speed_kmh,rpm,power_w,resistance,heart_rate_bpm,cum_distance_m
0,22.37,83,67,3,90,32
10,24.94,90,83,4,96,97
20,25.27,94,87,4,102,161
30,25.43,95,88,4,115,241
40,25.59,96,88,4,120,306
50,25.75,99,91,4,122,370
60,28.65,96,119,7,124,451
70,29.13,98,125,7,126,531
80,29.77,105,134,7,128,612
90,30.58,113,142,7,111,708
100,30.26,110,139,7,123,789
110,30.58,111,144,7,99,869
120,31.54,114,157,8,50,950
130,31.86,113,160,8,128,1046
140,32.19,111,165,9,139,1127
150,32.19,111,165,9,141,1223
160,32.19,110,164,9,43,1304
170,31.54,109,154,8,115,1400
180,31.22,110,152,8,145,1481
190,30.9,108,146,8,121,1577
200,30.09,109,138,7,77,1658
210,29.61,112,132,6,133,1738
220,28.65,111,120,5,147,1819
230,27.2,108,105,4,143,1899
240,26.72,108,100,4,42,1979
250,26.72,108,100,4,140,2044
260,26.72,108,100,4,138,2124
270,26.72,108,100,4,138,2189
280,26.55,106,98,4,136,2269
290,26.72,108,100,4,137,2350
300,26.55,107,99,4,137,2414
310,26.55,106,98,4,134,2494
320,26.55,106,98,4,130,2559
330,27.84,106,111,5,129,2639
340,28.65,105,120,6,78,2720
350,29.61,108,132,7,118,2800
360,30.58,108,143,8,132,2881
370,31.22,109,150,8,97,2977
380,30.9,107,148,8,139,3058
390,31.22,110,151,8,143,3138
400,31.22,109,150,8,143,3235
410,31.22,110,152,8,144,3315
420,30.9,108,148,8,130,3396
430,29.93,107,136,7,88,3492
440,29.77,108,133,7,89,3573
450,28.97,110,123,6,144,3653
460,28.16,110,115,5,72,3734
470,27.04,108,103,4,145,3814
480,25.91,110,92,3,143,3879
490,25.75,111,90,3,127,3943
500,25.43,108,88,3,42,4023
510,25.91,113,92,3,126,4088
520,26.88,117,101,3,69,4168
530,27.36,115,107,4,98,4249
540,27.04,111,103,4,86,4313
550,27.04,111,103,4,140,4394
560,28,111,112,5,140,4474
570,28.32,109,118,5,84,4554
580,29.13,109,126,6,130,4635
590,29.13,109,126,6,146,4715
600,29.29,110,127,6,144,4796
610,29.29,110,127,6,142,4876
620,29.29,110,127,6,42,4957
630,29.13,109,126,6,143,5037
640,29.13,109,126,6,143,5118
650,29.13,108,125,6,144,5198
660,29.13,109,126,6,142,5279
670,29.29,110,127,6,144,5359
680,29.29,110,127,6,146,5440
690,29.13,109,126,6,146,5520
700,29.29,110,127,6,88,5601
710,29.29,111,128,6,144,5681
720,29.29,111,128,6,147,5761
730,29.45,111,128,6,146,5842
740,29.29,110,127,6,144,5922
750,29.29,110,127,6,146,6003
760,28.97,108,124,6,150,6083
770,28.16,110,115,5,146,6164
780,28.32,110,115,5,104,6244
790,28,109,114,5,149,6325
800,28.16,109,114,5,146,6405
810,27.52,111,108,4,120,6486
820,26.55,107,99,4,148,6550
830,26.55,107,99,4,88,6630
840,26.88,109,101,4,145,6695
850,26.72,108,100,4,142,6775
860,26.72,108,100,4,57,6856
870,27.04,106,103,4,111,6920
880,28.16,105,115,5,138,7001
890,29.13,104,125,6,137,7081
900,30.09,105,138,7,139,7162
910,31.06,108,149,8,141,7242
920,31.06,109,150,8,144,7339
930,31.22,110,151,8,145,7419
940,30.9,107,148,8,132,7516
950,31.06,108,149,8,73,7596
960,30.9,108,148,8,45,7677
970,30.09,109,138,7,150,7773
980,30.09,107,136,7,30,7854
990,29.93,107,136,7,107,7934
1000,29.13,108,125,6,151,8015
1010,28.16,109,114,5,149,8095
1020,28,109,114,5,149,8175
1030,28.16,110,115,5,148,8256
1040,28,109,114,5,90,8336
1050,28.16,110,114,5,148,8401
1060,27.84,106,111,5,148,8481
1070,27.84,107,112,5,147,8562
1080,28,108,113,5,145,8642
1090,27.84,106,111,5,144,8723
1100,28,108,113,5,144,8787
1110,27.84,107,112,5,142,8867
1120,27.68,105,109,5,141,8948
1130,27.68,105,110,5,140,9028
1140,28.16,104,115,6,139,9109
1150,29.13,103,126,7,137,9189
1160,30.42,106,142,8,136,9270
1170,31.38,107,155,9,140,9350
1180,32.03,109,162,9,142,9447
1190,31.86,107,160,9,147,9527
1200,31.86,107,160,9,45,9624
1210,31.22,108,151,8,121,9704
1220,30.42,106,143,8,106,9785
1230,29.77,104,132,7,90,9881
1240,29.77,105,133,7,147,9962
1250,29.77,104,133,7,146,10042
1260,30.26,110,140,7,146,10123
1270,29.93,106,134,7,148,10203
1280,29.93,106,135,7,147,10284
1290,30.26,110,139,7,147,10380
1300,30.09,109,138,7,149,10461
1310,29.93,107,136,7,150,10541
1320,29.77,105,134,7,151,10622
1330,28.97,106,123,6,90,10702
1340,28.49,108,118,5,150,10783
1350,27.2,107,105,4,150,10863
1360,26.55,107,99,4,132,10944
1370,26.55,106,98,4,71,11008
1380,26.55,107,99,4,83,11088
1390,27.2,105,105,5,135,11153
1400,28.32,105,117,6,135,11233
1410,29.45,105,128,7,138,11314
1420,30.74,109,146,8,139,11394
1430,31.38,111,153,8,144,11491
1440,31.54,113,155,8,147,11571
1450,31.38,111,153,8,150,11668
1460,30.9,112,147,7,153,11748
1470,30.09,111,137,7,93,11829
1480,28.97,108,123,6,155,11909
1490,27.68,107,109,5,152,11990
1500,26.39,106,98,4,150,12070
1510,26.55,107,99,4,149,12134
1520,26.55,107,99,4,146,12215
1530,26.55,107,99,4,143,12295
1540,27.04,110,102,4,143,12360
1550,26.72,108,100,4,144,12440
1560,26.88,109,101,4,144,12505
1570,26.72,108,100,4,143,12585
1580,27.36,113,107,4,139,12666
1590,28.65,115,120,5,141,12746
1600,28.32,112,117,5,127,12826
1610,28.16,110,115,5,86,12891
1620,28,109,114,5,142,12971
1630,28.32,112,117,5,43,13052
1640,28.32,111,116,5,143,13132
1650,28,108,113,5,142,13213
1660,28.16,109,114,5,141,13293
1670,28.32,110,115,5,141,13374
1680,28.16,109,114,5,141,13438
1690,28.16,109,114,5,127,13518
1700,28.16,110,115,5,0,13599
1710,28.49,114,119,5,127,13679
1720,28.49,113,118,5,142,13760
1730,28.32,112,117,5,143,13840
1740,28.32,111,116,5,143,13921
1750,28.49,112,117,5,145,14001
1760,28.32,113,118,5,146,14082
1770,28.65,115,120,5,145,14162
1780,28.81,118,123,5,130,14227
1790,28.81,116,121,5,75,14307
1800,28.16,113,115,5,150,14388
1810,26.72,108,100,4,15,14468
1820,26.72,108,100,4,0,14548
1830,26.72,108,100,4,43,14613
1840,26.55,107,99,4,139,14693
1850,27.52,108,108,5,136,14774
1860,28.65,109,121,6,135,14838
1870,30.09,112,137,7,136,14919
1880,31.38,116,154,8,141,15015
1890,31.54,113,155,8,147,15096
1900,31.38,112,154,8,149,15192
1910,30.74,111,145,7,151,15273
1920,30.42,112,141,7,150,15353
1930,30.09,115,137,6,150,15450
1940,29.13,108,125,6,75,15530
1950,28.97,106,123,6,148,15611
1960,28.97,106,123,6,147,15691
1970,28.97,106,123,6,146,15772
1980,28.97,106,123,6,129,15852
1990,29.45,113,130,6,99,15932
2000,29.77,116,133,6,145,16013
2010,29.77,115,133,6,73,16093
2020,29.77,115,132,6,103,16174
2030,29.61,114,131,6,102,16254
2040,29.13,108,125,6,104,16335
2050,28.97,107,124,6,144,16415
2060,29.29,111,128,6,86,16496
2070,29.13,109,126,6,89,16576
2080,29.29,111,128,6,146,16657
2090,29.29,110,127,6,148,16737
2100,29.29,110,127,6,146,16818
2110,29.13,108,125,6,144,16914
2120,29.45,112,129,6,86,16995
2130,29.29,110,127,6,145,17075
2140,29.13,109,126,6,143,17156
2150,29.29,111,128,6,145,17236
2160,29.29,110,127,6,146,17317
2170,29.45,112,130,6,145,17397
2180,29.45,113,130,6,132,17477
2190,29.29,111,128,6,88,17558
2200,29.29,110,127,6,147,17638
2210,29.29,110,127,6,147,17719
2220,29.93,117,135,6,146,17799
2230,29.61,114,132,6,89,17880
2240,29.29,111,128,6,149,17960
2250,28.97,109,123,6,152,18041
2260,28.16,112,114,5,150,18121
2270,27.2,113,105,4,89,18202
2280,26.88,110,102,4,145,18282
2290,26.72,108,100,4,141,18346
2300,26.72,107,99,4,140,18427
2310,27.52,106,108,5,139,18507
2320,28.81,107,121,6,139,18588
2330,29.77,106,133,7,140,18668
2340,30.74,106,145,8,140,18749
2350,30.58,103,143,8,141,18829
2360,30.74,104,144,8,141,18910
2370,31.06,108,149,8,143,19006
2380,30.9,106,147,8,145,19087
2390,31.22,109,150,8,146,19167
2400,31.7,115,158,8,152,19264
2410,30.9,114,146,7,91,19344
2420,30.26,114,139,7,153,19441
2430,29.13,114,126,6,136,19521
2440,28.65,115,120,5,46,19602
2450,27.68,113,110,4,151,19666
2460,26.72,115,99,3,150,19747
2470,26.07,115,94,3,149,19827
2480,26.07,115,94,3,147,19891
2490,26.07,115,94,3,87,19972
2500,26.23,117,96,3,144,20036
2510,26.39,118,97,3,144,20117
2520,25.59,110,90,3,130,20181
2530,25.75,111,90,3,99,20246
2540,25.59,110,90,3,141,20326
2550,25.75,111,90,3,139,20390
2560,26.72,111,101,4,138,20471
2570,28.16,112,114,5,138,20551
2580,29.45,114,129,6,139,20632
2590,31.38,124,153,7,70,20712
2600,31.7,127,158,7,17,20793
2610,30.74,119,144,7,156,20889
2620,29.13,113,126,6,109,20970
2630,27.84,107,112,5,124,21050
2640,26.88,108,101,4,154,21131
2650,25.59,108,89,3,150,21195
2660,23.98,107,75,2,103,21259
2670,22.53,105,66,1,143,21324
2680,21.57,103,59,1,138,21388
2690,21.4,101,57,1,53,21453
2700,21.24,100,57,1,66,21517
2710,22.69,104,66,2,77,21565
2720,23.66,104,73,2,127,21630
2730,25.27,106,87,3,128,21710
2740,26.55,105,98,4,128,21774
2750,27.68,104,110,5,131,21855
2760,28.97,105,123,6,131,21935
2770,29.93,106,136,7,135,22016
2780,31.06,108,149,8,137,22096
2790,31.7,115,158,8,42,22177
2800,31.7,116,159,8,142,22273
2810,31.22,114,151,8,146,22354
2820,30.42,111,140,7,75,22450
2830,30.09,109,138,7,0,22531
2840,30.42,112,141,7,0,22611
2850,30.58,119,143,7,31,22692
2860,30.42,122,141,6,62,22788
2870,29.77,121,134,6,140,22869
2880,28.16,114,114,5,157,22949
2890,26.72,114,100,4,159,23030
2900,25.11,110,85,3,155,23094
2910,24.14,110,77,2,61,23158
2920,23.98,108,75,2,73,23223
2930,23.98,109,76,2,147,23287
2940,24.46,108,79,2,143,23368
2950,25.91,109,93,3,140,23432
2960,27.36,115,107,4,14,23512
2970,27.2,112,104,4,84,23577
2980,28.32,111,116,5,136,23657
2990,29.93,117,134,6,14,23738
3000,30.09,119,136,6,133,23818
3010,29.61,114,131,6,149,23915
3020,29.93,117,135,6,150,23995
3030,29.29,110,127,6,106,24076
3040,28.32,107,116,5,76,24156
3050,27.68,108,110,5,150,24237
3060,26.72,110,99,4,148,24301
3070,24.94,104,84,3,102,24382
3080,23.34,101,71,2,149,24446
3090,21.73,102,59,1,146,24510
3100,21.57,102,58,1,140,24559
3110,21.24,100,57,1,133,24623
3120,21.08,99,56,1,133,24687
3130,21.57,102,58,1,133,24736
